<?xml version="1.0" encoding="UTF-8"?>
<project-private xmlns="http://www.netbeans.org/ns/project-private/1">
    <editor-bookmarks xmlns="http://www.netbeans.org/ns/editor-bookmarks/2" lastBookmarkId="0"/>
    <open-files xmlns="http://www.netbeans.org/ns/projectui-open-files/2">
        <group>
            <file>file:/C:/wamp/www/aishagold/includes/service_tab.php</file>
            <file>file:/C:/wamp/www/aishagold/admin/db_operations/database_helper.php</file>
            <file>file:/C:/wamp/www/aishagold/includes/news_events_tab.php</file>
            <file>file:/C:/wamp/www/aishagold/product_description.php</file>
            <file>file:/C:/wamp/www/aishagold/config/constants.php</file>
            <file>file:/C:/wamp/www/aishagold/includes/products_diamond.php</file>
            <file>file:/C:/wamp/www/aishagold/js/script.js</file>
            <file>file:/C:/wamp/www/aishagold/admin/contents/allpromotions.php</file>
            <file>file:/C:/wamp/www/aishagold/admin/contents/login.php</file>
            <file>file:/C:/wamp/www/aishagold/admin/contents/side_menu.php</file>
            <file>file:/C:/wamp/www/aishagold/includes/product_gold.php</file>
            <file>file:/C:/wamp/www/aishagold/includes/description.php</file>
            <file>file:/C:/wamp/www/aishagold/admin/contents/welcome.php</file>
            <file>file:/C:/wamp/www/aishagold/admin/contents/news_events.php</file>
            <file>file:/C:/wamp/www/aishagold/footer.php</file>
            <file>file:/C:/wamp/www/aishagold/includes/product_silver.php</file>
            <file>file:/C:/wamp/www/aishagold/includes/jewellery_tab.php</file>
            <file>file:/C:/wamp/www/aishagold/admin/contents/allevents.php</file>
            <file>file:/C:/wamp/www/aishagold/admin/contents/allproducts.php</file>
            <file>file:/C:/wamp/www/aishagold/admin/style.css</file>
            <file>file:/C:/wamp/www/aishagold/admin/contents/logout.php</file>
            <file>file:/C:/wamp/www/aishagold/admin/contents/gold_rate.php</file>
            <file>file:/C:/wamp/www/aishagold/includes/promotion_tab.php</file>
            <file>file:/C:/wamp/www/aishagold/admin/contents/promotions.php</file>
            <file>file:/C:/wamp/www/aishagold/includes/product_watches.php</file>
            <file>file:/C:/wamp/www/aishagold/admin/contents/products.php</file>
            <file>file:/C:/wamp/www/aishagold/products.php</file>
            <file>file:/C:/wamp/www/aishagold/includes/sitemap.php</file>
            <file>file:/C:/wamp/www/aishagold/admin/templates/admin_home.php</file>
            <file>file:/C:/wamp/www/aishagold/index.php</file>
            <file>file:/C:/wamp/www/aishagold/admin/index.php</file>
            <file>file:/C:/wamp/www/aishagold/config/config.php</file>
            <file>file:/C:/wamp/www/aishagold/header.php</file>
            <file>file:/C:/wamp/www/aishagold/css/style.css</file>
        </group>
    </open-files>
</project-private>
