<?xml version="1.0" encoding="UTF-8"?>
<project-private xmlns="http://www.netbeans.org/ns/project-private/1">
    <editor-bookmarks xmlns="http://www.netbeans.org/ns/editor-bookmarks/2" lastBookmarkId="0"/>
    <open-files xmlns="http://www.netbeans.org/ns/projectui-open-files/2">
        <group>
            <file>file:/C:/wamp/www/aishagold/includes/service_tab.php</file>
            <file>file:/C:/wamp/www/aishagold/includes/jewellery_tab.php</file>
            <file>file:/C:/wamp/www/aishagold/index.php</file>
            <file>file:/C:/wamp/www/aishagold/includes/news_events_tab.php</file>
            <file>file:/C:/wamp/www/aishagold/header.php</file>
            <file>file:/C:/wamp/www/aishagold/includes/mainpage.php</file>
            <file>file:/C:/wamp/www/aishagold/includes/carousal.php</file>
            <file>file:/C:/wamp/www/aishagold/css/style.css</file>
            <file>file:/C:/wamp/www/aishagold/footer.php</file>
            <file>file:/C:/wamp/www/aishagold/includes/promotion_tab.php</file>
        </group>
    </open-files>
</project-private>
